Sr.No.,Employee Code,Employee Name,Employee Ph No,Employee email ID,City,Service POC,Service POC Number,Service Business Partner Name,Service Partner Visit Data,Service Business Partner Address,Direct Sub Channel (CRC/Partner),Direct POC,Direct POC Number,CRC/Partner Address,Direct Partner Visit Data,Retail Sub Channel (GT/MT/AF),Retail POC,Retail POC Number,Retail Partner Visit Data
1,EMP002,Rahul Sharma,9876543210,rahul.sharma@example.com,Mumbai,Amit Verma,9988776655,AquaPure Pvt Ltd,Visited on 01-Nov-25,"Gala No. 4, Industrial Estate, Andheri East, Mumbai",Partner,Kunal Mehta,9811223344,"Shop 12, Ghatkopar West, Mumbai",02-Nov-25,GT,Jay Patel,9822334455,03-Nov-25
2,EMP003,Priya Patel,9123456780,priya.patel@example.com,Ahmedabad,Sneha Rao,9090909090,FreshFlow Services,04-Nov-25,"2nd Floor, Shree Complex, SG Highway, Ahmedabad",CRC,Deepak Shah,9988442211,"Opp. Alpha Mall, Vastrapur, Ahmedabad",05-Nov-25,MT,Rohan Desai,9797979797,06-Nov-25
3,EMP004,Arjun Mehta,9822113344,arjun.mehta@example.com,Pune,Manish Kale,8855667788,H2O Solutions,05-Nov-25,"Flat B-302, Clover Housing, Koregaon Park, Pune",Partner,Vishal Kulkarni,8877665544,"Near Phoenix Mall, Viman Nagar, Pune",07-Nov-25,AF,Sameer Joshi,9900112233,08-Nov-25
4,EMP005,Sneha Nair,9001122334,sneha.nair@example.com,Bengaluru,Kavya Kumar,9988001122,BlueDrop Services,02-Nov-25,"No. 45, MG Road, Near Brigade Towers, Bengaluru",CRC,Arvind Gowda,9099887766,"1st Cross, JP Nagar, Bengaluru",03-Nov-25,GT,Harsha R,9333445566,04-Nov-25
5,EMP006,Karan Singh,9812345678,karan.singh@example.com,Delhi,Rohit Sethi,8899776655,PureCare Systems,03-Nov-25,"Block C-8, Janakpuri, New Delhi",Partner,Tarun Batra,8798765432,"2nd Floor, Patel Nagar Market, Delhi",05-Nov-25,MT,Aditya Khanna,9717171717,06-Nov-25
